dataset,source,distribution,test,config,n_points,n_queries,k,build_s,kd3_s,kd3_qps,nf_build_s,nf_s,nf_qps,kd3_ok,nf_ok
autzen,file,bbox-volume,knn,base,5000000,100000,10,0.0890202,1.08882,91842.1,1.79114,0.98306,101723,1,1
autzen,file,on-cloud,knn,base,5000000,100000,10,0.0890202,0.187382,533669,1.79114,0.49301,202835,1,1
autzen,file,bbox-volume,knn,aabb,5000000,100000,10,0.0890862,0.343143,291424,1.79114,0.98306,101723,1,1
autzen,file,on-cloud,knn,aabb,5000000,100000,10,0.0890862,0.195649,511120,1.79114,0.49301,202835,1,1
autzen,file,bbox-volume,nn1,base,5000000,100000,1,0.0888436,0.822315,121608,1.79114,0.554204,180439,1,1
autzen,file,on-cloud,nn1,base,5000000,100000,1,0.0888436,0.0861691,1.16051e+06,1.79114,0.309212,323403,1,1
autzen,file,bbox-volume,nn1,aabb,5000000,100000,1,0.0877857,0.161276,620055,1.79114,0.554204,180439,1,1
autzen,file,on-cloud,nn1,aabb,5000000,100000,1,0.0877857,0.0797533,1.25387e+06,1.79114,0.309212,323403,1,1
autzen,file,bbox-volume,nn1,fast,5000000,100000,1,0.106786,0.694632,143961,1.79114,0.554204,180439,1,1
autzen,file,on-cloud,nn1,fast,5000000,100000,1,0.106786,0.0787415,1.26998e+06,1.79114,0.309212,323403,1,1
autzen,file,bbox-volume,nn1,fast-aabb,5000000,100000,1,0.0862855,0.145551,687044,1.79114,0.554204,180439,1,1
autzen,file,on-cloud,nn1,fast-aabb,5000000,100000,1,0.0862855,0.0771196,1.29669e+06,1.79114,0.309212,323403,1,1
bunny,file,bbox-volume,knn,base,35947,100000,10,0.0038108,0.272181,367402,0.0200733,0.356851,280229,1,1
bunny,file,on-cloud,knn,base,35947,100000,10,0.0038108,0.0840179,1.19022e+06,0.0200733,0.102717,973544,1,1
bunny,file,bbox-volume,knn,aabb,35947,100000,10,0.00240221,0.224361,445710,0.0200733,0.356851,280229,1,1
bunny,file,on-cloud,knn,aabb,35947,100000,10,0.00240221,0.0923706,1.0826e+06,0.0200733,0.102717,973544,1,1
bunny,file,bbox-volume,nn1,base,35947,100000,1,0.00236616,0.116243,860270,0.0200733,0.221803,450851,1,1
bunny,file,on-cloud,nn1,base,35947,100000,1,0.00236616,0.016258,6.15083e+06,0.0200733,0.0341797,2.92572e+06,1,1
bunny,file,bbox-volume,nn1,aabb,35947,100000,1,0.0126056,0.0924186,1.08203e+06,0.0200733,0.221803,450851,1,1
bunny,file,on-cloud,nn1,aabb,35947,100000,1,0.0126056,0.0181124,5.52109e+06,0.0200733,0.0341797,2.92572e+06,1,1
bunny,file,bbox-volume,nn1,fast,35947,100000,1,0.00271035,0.114139,876123,0.0200733,0.221803,450851,1,1
bunny,file,on-cloud,nn1,fast,35947,100000,1,0.00271035,0.012536,7.97704e+06,0.0200733,0.0341797,2.92572e+06,1,1
bunny,file,bbox-volume,nn1,fast-aabb,35947,100000,1,0.00213045,0.086715,1.1532e+06,0.0200733,0.221803,450851,1,1
bunny,file,on-cloud,nn1,fast-aabb,35947,100000,1,0.00213045,0.0153079,6.53258e+06,0.0200733,0.0341797,2.92572e+06,1,1
cities,file,bbox-volume,knn,base,235424,100000,10,0.00866061,0.133969,746439,0.160309,0.128689,777070,1,1
cities,file,on-cloud,knn,base,235424,100000,10,0.00866061,0.636167,157191,0.160309,0.507595,197007,1,1
cities,file,bbox-volume,knn,aabb,235424,100000,10,0.00685702,0.10729,932052,0.160309,0.128689,777070,1,1
cities,file,on-cloud,knn,aabb,235424,100000,10,0.00685702,0.262775,380554,0.160309,0.507595,197007,1,1
cities,file,bbox-volume,nn1,base,235424,100000,1,0.0064231,0.0501725,1.99313e+06,0.160309,0.031019,3.22383e+06,1,1
cities,file,on-cloud,nn1,base,235424,100000,1,0.0064231,0.354911,281761,0.160309,0.233964,427416,1,1
cities,file,bbox-volume,nn1,aabb,235424,100000,1,0.00650618,0.0340301,2.93858e+06,0.160309,0.031019,3.22383e+06,1,1
cities,file,on-cloud,nn1,aabb,235424,100000,1,0.00650618,0.0838043,1.19326e+06,0.160309,0.233964,427416,1,1
cities,file,bbox-volume,nn1,fast,235424,100000,1,0.00954541,0.0459405,2.17673e+06,0.160309,0.031019,3.22383e+06,1,1
cities,file,on-cloud,nn1,fast,235424,100000,1,0.00954541,0.311752,320767,0.160309,0.233964,427416,1,1
cities,file,bbox-volume,nn1,fast-aabb,235424,100000,1,0.00971441,0.0322161,3.10404e+06,0.160309,0.031019,3.22383e+06,1,1
cities,file,on-cloud,nn1,fast-aabb,235424,100000,1,0.00971441,0.0792194,1.26232e+06,0.160309,0.233964,427416,1,1
dragon,file,bbox-volume,knn,base,437645,100000,10,0.016718,0.926626,107918,0.208568,0.921941,108467,1,1
dragon,file,on-cloud,knn,base,437645,100000,10,0.016718,0.109833,910475,0.208568,0.186929,534963,1,1
dragon,file,bbox-volume,knn,aabb,437645,100000,10,0.017353,0.386747,258567,0.208568,0.921941,108467,1,1
dragon,file,on-cloud,knn,aabb,437645,100000,10,0.017353,0.125615,796080,0.208568,0.186929,534963,1,1
dragon,file,bbox-volume,nn1,base,437645,100000,1,0.0148543,0.64393,155296,0.208568,0.659918,151534,1,1
dragon,file,on-cloud,nn1,base,437645,100000,1,0.0148543,0.0299606,3.33772e+06,0.208568,0.0970666,1.03022e+06,1,1
dragon,file,bbox-volume,nn1,aabb,437645,100000,1,0.0199222,0.182921,546683,0.208568,0.659918,151534,1,1
dragon,file,on-cloud,nn1,aabb,437645,100000,1,0.0199222,0.0428682,2.33273e+06,0.208568,0.0970666,1.03022e+06,1,1
dragon,file,bbox-volume,nn1,fast,437645,100000,1,0.0227136,0.613236,163069,0.208568,0.659918,151534,1,1
dragon,file,on-cloud,nn1,fast,437645,100000,1,0.0227136,0.0273726,3.65328e+06,0.208568,0.0970666,1.03022e+06,1,1
dragon,file,bbox-volume,nn1,fast-aabb,437645,100000,1,0.0184689,0.169028,591618,0.208568,0.659918,151534,1,1
dragon,file,on-cloud,nn1,fast-aabb,437645,100000,1,0.0184689,0.0362266,2.7604e+06,0.208568,0.0970666,1.03022e+06,1,1
synthetic-solid,generator,bbox-volume,knn,base,1000000,100000,10,0.0389773,0.136471,732754,0.400849,0.286693,348805,1,1
synthetic-solid,generator,on-cloud,knn,base,1000000,100000,10,0.0389773,0.126388,791217,0.400849,0.253772,394055,1,1
synthetic-solid,generator,bbox-volume,knn,aabb,1000000,100000,10,0.0480676,0.168492,593500,0.400849,0.286693,348805,1,1
synthetic-solid,generator,on-cloud,knn,aabb,1000000,100000,10,0.0480676,0.15911,628495,0.400849,0.253772,394055,1,1
synthetic-solid,generator,bbox-volume,nn1,base,1000000,100000,1,0.0373294,0.0380216,2.63008e+06,0.400849,0.115313,867207,1,1
synthetic-solid,generator,on-cloud,nn1,base,1000000,100000,1,0.0373294,0.0301754,3.31396e+06,0.400849,0.0856857,1.16706e+06,1,1
synthetic-solid,generator,bbox-volume,nn1,aabb,1000000,100000,1,0.0527249,0.0483392,2.06871e+06,0.400849,0.115313,867207,1,1
synthetic-solid,generator,on-cloud,nn1,aabb,1000000,100000,1,0.0527249,0.0389191,2.56943e+06,0.400849,0.0856857,1.16706e+06,1,1
synthetic-solid,generator,bbox-volume,nn1,fast,1000000,100000,1,0.0389739,0.0339332,2.94696e+06,0.400849,0.115313,867207,1,1
synthetic-solid,generator,on-cloud,nn1,fast,1000000,100000,1,0.0389739,0.0260507,3.83867e+06,0.400849,0.0856857,1.16706e+06,1,1
synthetic-solid,generator,bbox-volume,nn1,fast-aabb,1000000,100000,1,0.0377102,0.0464246,2.15403e+06,0.400849,0.115313,867207,1,1
synthetic-solid,generator,on-cloud,nn1,fast-aabb,1000000,100000,1,0.0377102,0.0357948,2.7937e+06,0.400849,0.0856857,1.16706e+06,1,1
synthetic-mixture,generator,bbox-volume,knn,base,1000000,100000,10,0.0495829,1.78553,56005.7,0.377338,0.567055,176350,1,1
synthetic-mixture,generator,on-cloud,knn,base,1000000,100000,10,0.0495829,0.161265,620097,0.377338,0.303865,329094,1,1
synthetic-mixture,generator,bbox-volume,knn,aabb,1000000,100000,10,0.0518358,0.485646,205911,0.377338,0.567055,176350,1,1
synthetic-mixture,generator,on-cloud,knn,aabb,1000000,100000,10,0.0518358,0.190775,524178,0.377338,0.303865,329094,1,1
synthetic-mixture,generator,bbox-volume,nn1,base,1000000,100000,1,0.0418383,1.19427,83733.5,0.377338,0.178817,559232,1,1
synthetic-mixture,generator,on-cloud,nn1,base,1000000,100000,1,0.0418383,0.0440326,2.27104e+06,0.377338,0.1276,783699,1,1
synthetic-mixture,generator,bbox-volume,nn1,aabb,1000000,100000,1,0.0407161,0.159158,628306,0.377338,0.178817,559232,1,1
synthetic-mixture,generator,on-cloud,nn1,aabb,1000000,100000,1,0.0407161,0.0519254,1.92584e+06,0.377338,0.1276,783699,1,1
synthetic-mixture,generator,bbox-volume,nn1,fast,1000000,100000,1,0.0498187,1.14024,87700.9,0.377338,0.178817,559232,1,1
synthetic-mixture,generator,on-cloud,nn1,fast,1000000,100000,1,0.0498187,0.0414357,2.41338e+06,0.377338,0.1276,783699,1,1
synthetic-mixture,generator,bbox-volume,nn1,fast-aabb,1000000,100000,1,0.037535,0.150549,664237,0.377338,0.178817,559232,1,1
synthetic-mixture,generator,on-cloud,nn1,fast-aabb,1000000,100000,1,0.037535,0.0496983,2.01214e+06,0.377338,0.1276,783699,1,1
synthetic-anisotropic,generator,bbox-volume,knn,base,1000000,100000,10,0.042874,21.001,4761.69,0.553136,1.24508,80315.9,1,1
synthetic-anisotropic,generator,on-cloud,knn,base,1000000,100000,10,0.042874,0.143532,696708,0.553136,0.305871,326936,1,1
synthetic-anisotropic,generator,bbox-volume,knn,aabb,1000000,100000,10,0.0325479,1.01178,98835.7,0.553136,1.24508,80315.9,1,1
synthetic-anisotropic,generator,on-cloud,knn,aabb,1000000,100000,10,0.0325479,0.178456,560363,0.553136,0.305871,326936,1,1
synthetic-anisotropic,generator,bbox-volume,nn1,base,1000000,100000,1,0.0426741,18.1745,5502.22,0.553136,0.536396,186429,1,1
synthetic-anisotropic,generator,on-cloud,nn1,base,1000000,100000,1,0.0426741,0.0386296,2.58869e+06,0.553136,0.111131,899843,1,1
synthetic-anisotropic,generator,bbox-volume,nn1,aabb,1000000,100000,1,0.0424541,0.348861,286647,0.553136,0.536396,186429,1,1
synthetic-anisotropic,generator,on-cloud,nn1,aabb,1000000,100000,1,0.0424541,0.0484366,2.06456e+06,0.553136,0.111131,899843,1,1
synthetic-anisotropic,generator,bbox-volume,nn1,fast,1000000,100000,1,0.0418878,16.8204,5945.17,0.553136,0.536396,186429,1,1
synthetic-anisotropic,generator,on-cloud,nn1,fast,1000000,100000,1,0.0418878,0.0328018,3.04861e+06,0.553136,0.111131,899843,1,1
synthetic-anisotropic,generator,bbox-volume,nn1,fast-aabb,1000000,100000,1,0.0338351,0.339571,294489,0.553136,0.536396,186429,1,1
synthetic-anisotropic,generator,on-cloud,nn1,fast-aabb,1000000,100000,1,0.0338351,0.0464013,2.15511e+06,0.553136,0.111131,899843,1,1
synthetic-sphere-shell,generator,bbox-volume,knn,base,1000000,100000,10,0.0378133,4.15588,24062.3,0.583777,2.37584,42090.3,1,1
synthetic-sphere-shell,generator,on-cloud,knn,base,1000000,100000,10,0.0378133,0.115903,862791,0.583777,0.239787,417037,1,1
synthetic-sphere-shell,generator,bbox-volume,knn,aabb,1000000,100000,10,0.0376629,0.906507,110314,0.583777,2.37584,42090.3,1,1
synthetic-sphere-shell,generator,on-cloud,knn,aabb,1000000,100000,10,0.0376629,0.138723,720862,0.583777,0.239787,417037,1,1
synthetic-sphere-shell,generator,bbox-volume,nn1,base,1000000,100000,1,0.0363739,3.40866,29337,0.583777,1.4024,71306.2,1,1
synthetic-sphere-shell,generator,on-cloud,nn1,base,1000000,100000,1,0.0363739,0.0303435,3.2956e+06,0.583777,0.10338,967309,1,1
synthetic-sphere-shell,generator,bbox-volume,nn1,aabb,1000000,100000,1,0.05102,0.443299,225581,0.583777,1.4024,71306.2,1,1
synthetic-sphere-shell,generator,on-cloud,nn1,aabb,1000000,100000,1,0.05102,0.0388491,2.57406e+06,0.583777,0.10338,967309,1,1
synthetic-sphere-shell,generator,bbox-volume,nn1,fast,1000000,100000,1,0.0362517,3.20812,31170.9,0.583777,1.4024,71306.2,1,1
synthetic-sphere-shell,generator,on-cloud,nn1,fast,1000000,100000,1,0.0362517,0.0270889,3.69156e+06,0.583777,0.10338,967309,1,1
synthetic-sphere-shell,generator,bbox-volume,nn1,fast-aabb,1000000,100000,1,0.0470706,0.447522,223453,0.583777,1.4024,71306.2,1,1
synthetic-sphere-shell,generator,on-cloud,nn1,fast-aabb,1000000,100000,1,0.0470706,0.0373614,2.67656e+06,0.583777,0.10338,967309,1,1
synthetic-torus,generator,bbox-volume,knn,base,1000000,100000,10,0.0352427,2.59937,38470.9,0.458391,1.69524,58988.8,1,1
synthetic-torus,generator,on-cloud,knn,base,1000000,100000,10,0.0352427,0.117457,851372,0.458391,0.242683,412061,1,1
synthetic-torus,generator,bbox-volume,knn,aabb,1000000,100000,10,0.0365013,0.677216,147663,0.458391,1.69524,58988.8,1,1
synthetic-torus,generator,on-cloud,knn,aabb,1000000,100000,10,0.0365013,0.138782,720554,0.458391,0.242683,412061,1,1
synthetic-torus,generator,bbox-volume,nn1,base,1000000,100000,1,0.0365359,2.09892,47643.6,0.458391,0.964442,103687,1,1
synthetic-torus,generator,on-cloud,nn1,base,1000000,100000,1,0.0365359,0.0324866,3.0782e+06,0.458391,0.107432,930825,1,1
synthetic-torus,generator,bbox-volume,nn1,aabb,1000000,100000,1,0.0371977,0.302392,330697,0.458391,0.964442,103687,1,1
synthetic-torus,generator,on-cloud,nn1,aabb,1000000,100000,1,0.0371977,0.041397,2.41563e+06,0.458391,0.107432,930825,1,1
synthetic-torus,generator,bbox-volume,nn1,fast,1000000,100000,1,0.0360798,1.94204,51492.2,0.458391,0.964442,103687,1,1
synthetic-torus,generator,on-cloud,nn1,fast,1000000,100000,1,0.0360798,0.0291405,3.43166e+06,0.458391,0.107432,930825,1,1
synthetic-torus,generator,bbox-volume,nn1,fast-aabb,1000000,100000,1,0.0483075,0.292424,341969,0.458391,0.964442,103687,1,1
synthetic-torus,generator,on-cloud,nn1,fast-aabb,1000000,100000,1,0.0483075,0.0395508,2.52839e+06,0.458391,0.107432,930825,1,1
synthetic-blobs,generator,bbox-volume,knn,base,1000000,100000,10,0.0482661,4.73442,21121.9,0.501667,2.30263,43428.5,1,1
synthetic-blobs,generator,on-cloud,knn,base,1000000,100000,10,0.0482661,0.166938,599025,0.501667,0.329448,303538,1,1
synthetic-blobs,generator,bbox-volume,knn,aabb,1000000,100000,10,0.0375019,0.910249,109860,0.501667,2.30263,43428.5,1,1
synthetic-blobs,generator,on-cloud,knn,aabb,1000000,100000,10,0.0375019,0.190449,525075,0.501667,0.329448,303538,1,1
synthetic-blobs,generator,bbox-volume,nn1,base,1000000,100000,1,0.0383015,4.05098,24685.4,0.501667,1.39067,71907.9,1,1
synthetic-blobs,generator,on-cloud,nn1,base,1000000,100000,1,0.0383015,0.0583688,1.71324e+06,0.501667,0.172305,580367,1,1
synthetic-blobs,generator,bbox-volume,nn1,aabb,1000000,100000,1,0.0359892,0.410928,243352,0.501667,1.39067,71907.9,1,1
synthetic-blobs,generator,on-cloud,nn1,aabb,1000000,100000,1,0.0359892,0.0677628,1.47574e+06,0.501667,0.172305,580367,1,1
synthetic-blobs,generator,bbox-volume,nn1,fast,1000000,100000,1,0.0378939,3.73276,26789.8,0.501667,1.39067,71907.9,1,1
synthetic-blobs,generator,on-cloud,nn1,fast,1000000,100000,1,0.0378939,0.0572214,1.7476e+06,0.501667,0.172305,580367,1,1
synthetic-blobs,generator,bbox-volume,nn1,fast-aabb,1000000,100000,1,0.0350651,0.411754,242863,0.501667,1.39067,71907.9,1,1
synthetic-blobs,generator,on-cloud,nn1,fast-aabb,1000000,100000,1,0.0350651,0.0654451,1.528e+06,0.501667,0.172305,580367,1,1
synthetic-powerlaw,generator,bbox-volume,knn,base,1000000,100000,10,0.039611,0.243872,410052,0.403168,0.13085,764232,1,1
synthetic-powerlaw,generator,on-cloud,knn,base,1000000,100000,10,0.039611,0.192372,519825,0.403168,0.327175,305646,1,1
synthetic-powerlaw,generator,bbox-volume,knn,aabb,1000000,100000,10,0.0465726,0.204588,488787,0.403168,0.13085,764232,1,1
synthetic-powerlaw,generator,on-cloud,knn,aabb,1000000,100000,10,0.0465726,0.197382,506633,0.403168,0.327175,305646,1,1
synthetic-powerlaw,generator,bbox-volume,nn1,base,1000000,100000,1,0.0345925,0.0595745,1.67857e+06,0.403168,0.0264197,3.78505e+06,1,1
synthetic-powerlaw,generator,on-cloud,nn1,base,1000000,100000,1,0.0345925,0.0793926,1.25956e+06,0.403168,0.152659,655055,1,1
synthetic-powerlaw,generator,bbox-volume,nn1,aabb,1000000,100000,1,0.0355766,0.0553169,1.80777e+06,0.403168,0.0264197,3.78505e+06,1,1
synthetic-powerlaw,generator,on-cloud,nn1,aabb,1000000,100000,1,0.0355766,0.0677615,1.47576e+06,0.403168,0.152659,655055,1,1
synthetic-powerlaw,generator,bbox-volume,nn1,fast,1000000,100000,1,0.0348714,0.0561825,1.77991e+06,0.403168,0.0264197,3.78505e+06,1,1
synthetic-powerlaw,generator,on-cloud,nn1,fast,1000000,100000,1,0.0348714,0.0775139,1.29009e+06,0.403168,0.152659,655055,1,1
synthetic-powerlaw,generator,bbox-volume,nn1,fast-aabb,1000000,100000,1,0.0332685,0.0536458,1.86408e+06,0.403168,0.0264197,3.78505e+06,1,1
synthetic-powerlaw,generator,on-cloud,nn1,fast-aabb,1000000,100000,1,0.0332685,0.0585273,1.7086e+06,0.403168,0.152659,655055,1,1
